fold,frame_auc,frame_f1_score,frame_fn,frame_fp,frame_precision,frame_tn,frame_tp,loss,utt_auc,utt_f1_score,utt_fn,utt_fp,utt_precision,utt_tn,utt_tp
1,0.08676235377788544,0.0,29798.0,0.0,0.0,2373572.0,0.0,0.8946923613548279,0.5191556215286255,0.6652875542640686,804.0,0.0,0.0,809.0,0.0
2,0.08319364488124847,0.0,27078.0,0.0,0.0,2376292.0,0.0,0.8838799595832825,0.7122686505317688,0.6324713826179504,746.0,0.0,0.0,867.0,0.0
3,0.08424696326255798,0.0,30109.0,0.0,0.0,2373261.0,0.0,0.8976833820343018,0.6360753774642944,0.6685925722122192,810.0,0.0,0.0,803.0,0.0
4,0.08633270114660263,0.0,27935.0,0.0,0.0,2375435.0,0.0,0.8824325203895569,0.5127997398376465,0.6439679861068726,766.0,0.0,0.0,847.0,0.0
average,0.08513391576707363,0.0,28730.0,0.0,0.0,2374640.0,0.0,0.8896720558404922,0.5950748473405838,0.6525798738002777,781.5,0.0,0.0,831.5,0.0
