fold,frame_auc,frame_f1_score,frame_fn,frame_fp,frame_precision,frame_tn,frame_tp,loss,utt_auc,utt_f1_score,utt_fn,utt_fp,utt_precision,utt_tn,utt_tp
1,0.13796186447143555,0.0,29533.0,0.0,0.0,1172897.0,0.0,0.5672222375869751,0.24781207740306854,0.9810605645179749,0.0,30.0,0.9628252983093262,0.0,777.0
2,0.14896708726882935,0.0,27829.0,5.0,0.0,1174596.0,0.0,0.5317878127098083,0.7915717363357544,0.9829867482185364,0.0,27.0,0.9665427803993225,0.0,780.0
3,0.23513785004615784,0.0996599867939949,26526.0,12140.0,0.1498599499464035,1160134.0,2140.0,0.5462377071380615,0.6232414245605469,0.9816803336143494,0.0,29.0,0.9640198349952698,0.0,777.0
4,0.1499328464269638,0.0,28892.0,0.0,0.0,1172048.0,0.0,0.5637192726135254,0.27367421984672546,0.9912389516830444,0.0,14.0,0.9826302528381348,0.0,792.0
average,0.16799991205334663,0.024914996698498726,28195.0,3036.25,0.037464987486600876,1169918.75,535.0,0.5522417575120926,0.4840748645365238,0.9842416495084763,0.0,25.0,0.9690045416355133,0.0,781.5
