fold,frame_auc,frame_f1_score,frame_fn,frame_fp,frame_precision,frame_tn,frame_tp,loss,utt_auc,utt_f1_score,utt_fn,utt_fp,utt_precision,utt_tn,utt_tp
1,0.8842916488647461,0.18046018481254578,56.0,267677.0,0.09919772297143936,905220.0,29477.0,0.1197480708360672,0.7653796076774597,0.9810605645179749,0.0,30.0,0.9628252983093262,0.0,777.0
2,0.8872355222702026,0.17512305080890656,48.0,261664.0,0.09598023444414139,912937.0,27781.0,0.09813234210014343,0.8871794939041138,0.9829867482185364,0.0,27.0,0.9665427803993225,0.0,780.0
3,0.8793346881866455,0.16857092082500458,7.0,282698.0,0.09204546362161636,889576.0,28659.0,0.12169335037469864,0.7586206793785095,0.9816803336143494,0.0,29.0,0.9640198349952698,0.0,777.0
4,0.8787699937820435,0.1694248467683792,22.0,283038.0,0.0925593450665474,889010.0,28870.0,0.07149101793766022,0.7487373352050781,0.9912389516830444,0.0,14.0,0.9826302528381348,0.0,792.0
average,0.8824079632759094,0.17339475080370903,33.25,273769.25,0.09494569152593613,899185.75,28696.75,0.10276619531214237,0.7899792790412903,0.9842416495084763,0.0,25.0,0.9690045416355133,0.0,781.5
