fold,frame_auc,frame_f1_score,frame_fn,frame_fp,frame_precision,frame_tn,frame_tp,loss,utt_auc,utt_f1_score,utt_fn,utt_fp,utt_precision,utt_tn,utt_tp
1,0.8856351375579834,0.04794462025165558,0.0,1172897.0,0.024561097845435143,0.0,29533.0,0.89873206615448,0.5,0.9810605645179749,777.0,0.0,0.0,30.0,0.0
2,0.8883544206619263,0.04524087533354759,0.0,1174601.0,0.023143967613577843,0.0,27829.0,2.032484292984009,0.5,0.9829867482185364,0.0,27.0,0.9665427803993225,0.0,780.0
3,0.8794507384300232,0.04662631079554558,0.0,1172274.0,0.02386963553726673,0.0,28666.0,1.2151507139205933,0.5,0.9816803336143494,0.0,29.0,0.9640198349952698,0.0,777.0
4,0.8793454170227051,0.04698527231812477,0.0,1172048.0,0.024057822301983833,0.0,28892.0,0.47357553243637085,0.5,0.9912389516830444,0.0,14.0,0.9826302528381348,0.0,792.0
average,0.8831964284181595,0.04669926967471838,0.0,1172955.0,0.023908130824565887,0.0,28730.0,1.1549856513738632,0.5,0.9842416495084763,194.25,17.5,0.7282982170581818,7.5,587.25
