fold,frame_auc,frame_f1_score,frame_fn,frame_fp,frame_precision,frame_tn,frame_tp,loss,utt_auc,utt_f1_score,utt_fn,utt_fp,utt_precision,utt_tn,utt_tp
1,0.8856351971626282,0.04794462025165558,0.0,1172897.0,0.024561097845435143,0.0,29533.0,1.4781510829925537,0.5,0.9810605645179749,0.0,30.0,0.9628252983093262,0.0,777.0
2,0.8883544206619263,0.04524087533354759,0.0,1174601.0,0.023143967613577843,0.0,27829.0,2.0480473041534424,0.5,0.9829867482185364,0.0,27.0,0.9665427803993225,0.0,780.0
3,0.8794507384300232,0.04662631079554558,0.0,1172274.0,0.02386963553726673,0.0,28666.0,0.7340080142021179,0.5,0.9816803336143494,0.0,29.0,0.9640198349952698,0.0,777.0
4,0.8793454170227051,0.04698527231812477,0.0,1172048.0,0.024057822301983833,0.0,28892.0,1.1864405870437622,0.5,0.9912389516830444,0.0,14.0,0.9826302528381348,0.0,792.0
average,0.8831964433193207,0.04669926967471838,0.0,1172955.0,0.023908130824565887,0.0,28730.0,1.361661747097969,0.5,0.9842416495084763,0.0,25.0,0.9690045416355133,0.0,781.5
